City_ID,City,Lat,Lng,Max Temp,Humidity,Cloudiness,Wind Speed,Country,Date
0,Barra Dos Coqueiros,-10.9089,-37.0386,84.22,74,75,12.66,BR,2022-04-16 00:37:11
1,Muli,2.9167,73.5667,83.59,71,89,5.53,MV,2022-04-16 00:37:11
2,Port-Gentil,-0.7193,8.7815,80.19,82,100,2.3,GA,2022-04-16 00:37:12
3,Albany,42.6001,-73.9662,61.21,39,71,9.98,US,2022-04-16 00:35:13
4,Busselton,-33.65,115.3333,66.13,69,100,7.2,AU,2022-04-16 00:36:04
5,Cherskiy,68.75,161.3,20.28,93,100,6.73,RU,2022-04-16 00:33:14
6,Yellowknife,62.456,-114.3525,21.72,49,75,6.91,CA,2022-04-16 00:37:13
7,Halifax,44.6453,-63.5724,44.69,95,100,3.44,CA,2022-04-16 00:35:30
8,Sumbe,-11.2061,13.8437,77.5,90,100,5.84,AO,2022-04-16 00:37:13
9,Johi,26.6921,67.6133,87.85,19,1,9.08,PK,2022-04-16 00:37:14
10,Rikitea,-23.1203,-134.9692,77.58,72,3,14.32,PF,2022-04-16 00:33:56
11,Shunyi,40.125,116.6453,57.15,18,0,4.47,CN,2022-04-16 00:37:14
12,East London,-33.0153,27.9116,61.34,68,100,6.11,ZA,2022-04-16 00:37:15
13,Jamestown,42.097,-79.2353,54.52,41,100,8.05,US,2022-04-16 00:34:46
14,Lebu,-37.6167,-73.65,52.84,90,4,12.28,CL,2022-04-16 00:37:15
15,Arraial Do Cabo,-22.9661,-42.0278,72.88,67,1,20.94,BR,2022-04-16 00:34:04
16,Bud,39.447,-86.1758,60.22,52,100,13.6,US,2022-04-16 00:37:16
17,Wittenberge,53.0,11.75,38.03,86,0,6.53,DE,2022-04-16 00:37:16
18,Vila Franca Do Campo,37.7167,-25.4333,61.21,88,21,4.14,PT,2022-04-16 00:37:17
19,Saldanha,-33.0117,17.9442,53.65,61,3,16.15,ZA,2022-04-16 00:32:25
20,Inverness,57.4791,-4.224,53.83,80,95,4.61,GB,2022-04-16 00:37:17
21,Nikolskoye,59.7035,30.7861,37.87,88,86,11.7,RU,2022-04-16 00:37:18
22,Ust-Kuyga,70.0167,135.6,5.76,82,66,4.23,RU,2022-04-16 00:37:18
23,Makushino,55.2103,67.2442,52.47,70,100,11.81,RU,2022-04-16 00:37:18
24,Puerto Ayora,-0.7393,-90.3518,76.08,88,80,8.34,EC,2022-04-16 00:37:19
25,Dalbandin,28.8947,64.4101,76.3,11,4,3.71,PK,2022-04-16 00:37:19
26,Maragogi,-9.0122,-35.2225,79.48,86,45,8.39,BR,2022-04-16 00:37:20
27,Hilo,19.7297,-155.09,84.27,87,100,9.22,US,2022-04-16 00:37:20
28,Bredasdorp,-34.5322,20.0403,57.97,61,98,10.71,ZA,2022-04-16 00:37:20
29,Barra Do Bugres,-15.0725,-57.1811,73.26,85,80,0.81,BR,2022-04-16 00:37:21
30,Ushuaia,-54.8,-68.3,44.26,76,40,24.16,AR,2022-04-16 00:34:23
31,Ketchikan,55.3422,-131.6461,50.47,25,0,10.36,US,2022-04-16 00:37:21
32,Port Alfred,-33.5906,26.891,59.9,70,100,6.08,ZA,2022-04-16 00:35:02
33,Kalmunai,7.4167,81.8167,79.12,86,6,9.24,LK,2022-04-16 00:37:22
34,Punta Arenas,-53.15,-70.9167,46.51,81,20,19.57,CL,2022-04-16 00:37:22
35,San Quintin,30.4833,-115.95,61.74,74,91,13.42,MX,2022-04-16 00:37:23
36,Beian,63.6559,9.5683,44.01,93,75,9.22,NO,2022-04-16 00:37:23
37,Bluff,-46.6,168.3333,52.81,65,28,35.21,NZ,2022-04-16 00:37:24
38,Nome,64.5011,-165.4064,35.67,70,100,26.46,US,2022-04-16 00:37:24
39,Khatanga,71.9667,102.5,19.81,84,100,10.29,RU,2022-04-16 00:37:25
40,Provideniya,64.3833,-173.3,32.76,95,100,27.58,RU,2022-04-16 00:37:25
41,Dakar,14.6937,-17.4441,68.13,88,75,9.22,SN,2022-04-16 00:37:25
42,Cape Town,-33.9258,18.4232,59.11,66,0,15.01,ZA,2022-04-16 00:34:33
43,Pevek,69.7008,170.3133,19.04,85,62,3.24,RU,2022-04-16 00:37:26
44,Mackay,-21.15,149.2,81.68,69,100,14.97,AU,2022-04-16 00:35:22
45,Doha,25.2867,51.5333,87.78,23,0,11.5,QA,2022-04-16 00:37:26
46,Bruntal,49.9884,17.4647,41.61,86,100,9.55,CZ,2022-04-16 00:38:27
47,Mahebourg,-20.4081,57.7,76.24,94,40,14.97,MU,2022-04-16 00:38:27
48,Puerto Ayacucho,5.6639,-67.6236,77.52,79,94,4.74,VE,2022-04-16 00:38:27
49,Sorland,67.667,12.6934,41.41,90,100,27.2,NO,2022-04-16 00:38:28
50,Mataura,-46.1927,168.8643,52.48,54,19,14.16,NZ,2022-04-16 00:38:28
51,Longyearbyen,78.2186,15.6401,30.04,86,100,3.44,SJ,2022-04-16 00:34:21
52,Ostrovnoy,68.0531,39.5131,15.12,95,74,8.72,RU,2022-04-16 00:38:29
53,Cockburn Town,21.4612,-71.1419,77.47,81,59,23.58,TC,2022-04-16 00:38:29
54,Kantunilkin,21.0917,-87.45,78.76,68,0,5.97,MX,2022-04-16 00:38:30
55,Harboore,56.6175,8.1807,38.17,82,90,8.68,DK,2022-04-16 00:38:30
56,Severo-Kurilsk,50.6789,156.125,32.14,82,99,2.42,RU,2022-04-16 00:38:30
57,Qaanaaq,77.484,-69.3632,-5.78,94,100,5.12,GL,2022-04-16 00:36:50
58,Upernavik,72.7868,-56.1549,-15.79,99,44,6.73,GL,2022-04-16 00:38:31
59,Paamiut,61.994,-49.6678,22.5,78,17,13.91,GL,2022-04-16 00:38:31
60,Hasaki,35.7333,140.8333,52.29,82,100,31.09,JP,2022-04-16 00:37:27
61,Lata,40.1629,-8.3327,51.87,90,100,1.52,PT,2022-04-16 00:38:32
62,Kodiak,57.79,-152.4072,38.71,87,100,18.41,US,2022-04-16 00:38:32
63,Chilca,-12.5211,-76.7372,66.38,87,2,10.02,PE,2022-04-16 00:38:33
64,Hermanus,-34.4187,19.2345,56.8,69,55,15.08,ZA,2022-04-16 00:35:34
65,Chuy,-33.6971,-53.4616,62.01,68,81,6.93,UY,2022-04-16 00:38:33
66,Ahipara,-35.1667,173.1667,70.43,59,100,1.59,NZ,2022-04-16 00:38:33
67,Luanda,-8.8368,13.2343,75.2,88,75,5.75,AO,2022-04-16 00:37:25
68,Kapaa,22.0752,-159.319,82.38,71,20,18.41,US,2022-04-16 00:38:34
69,Marsh Harbour,26.5412,-77.0636,72.19,75,100,17.96,BS,2022-04-16 00:38:34
70,San Patricio,28.017,-97.5169,81.32,81,20,13.4,US,2022-04-16 00:38:35
71,Litovko,49.2361,135.1742,37.92,92,100,5.28,RU,2022-04-16 00:38:35
72,Hithadhoo,-0.6,73.0833,82.51,69,35,2.35,MV,2022-04-16 00:35:37
73,Carnarvon,-24.8667,113.6333,73.47,64,98,9.22,AU,2022-04-16 00:34:20
74,Atuona,-9.8,-139.0333,79.18,77,16,15.7,PF,2022-04-16 00:36:47
75,Henties Bay,-22.116,14.2845,58.71,87,0,6.98,NA,2022-04-16 00:37:26
76,Verkh-Chebula,56.0308,87.6218,43.07,79,100,5.5,RU,2022-04-16 00:38:36
77,Nador,35.174,-2.9287,55.65,71,0,1.14,MA,2022-04-16 00:38:37
78,Georgetown,5.4112,100.3354,80.53,93,20,5.01,MY,2022-04-16 00:35:16
79,Havre-Saint-Pierre,50.2334,-63.5986,32.36,100,100,9.22,CA,2022-04-16 00:38:37
80,Mehamn,71.0357,27.8492,35.49,98,100,21.47,NO,2022-04-16 00:38:38
81,Mazamari,-11.3258,-74.5308,69.62,98,99,1.05,PE,2022-04-16 00:38:38
82,Tabou,4.423,-7.3528,78.89,87,100,5.01,CI,2022-04-16 00:38:39
83,Hobart,-42.8794,147.3294,60.03,65,75,6.91,AU,2022-04-16 00:35:41
84,Kavaratti,10.5669,72.642,83.32,72,93,2.53,IN,2022-04-16 00:38:39
85,Kazachinskoye,57.6953,93.2761,38.39,93,91,4.34,RU,2022-04-16 00:38:40
86,Yerofey Pavlovich,53.9667,121.9667,30.56,34,14,13.91,RU,2022-04-16 00:38:40
87,Vaini,-21.2,-175.2,84.36,70,20,10.36,TO,2022-04-16 00:35:07
88,Torbay,47.6666,-52.7314,36.57,75,40,10.36,CA,2022-04-16 00:38:40
89,Hami,42.8,93.45,45.09,39,47,5.08,CN,2022-04-16 00:39:10
90,Hereford,52.0568,-2.7148,54.01,92,0,2.95,GB,2022-04-16 00:39:41
91,Broadstairs,51.3591,1.4394,49.19,85,0,8.52,GB,2022-04-16 00:39:41
92,Padang,-0.9492,100.3543,77.05,78,100,1.7,ID,2022-04-16 00:39:42
93,Nardaran,40.5561,50.0056,42.44,87,0,6.91,AZ,2022-04-16 00:39:42
94,Dikson,73.5069,80.5464,17.26,96,100,5.23,RU,2022-04-16 00:36:55
95,Lieksa,63.3167,30.0167,24.89,95,19,2.95,FI,2022-04-16 00:37:22
96,Bone,51.9669,12.1396,42.26,79,50,9.08,DE,2022-04-16 00:39:43
97,Ust-Nera,64.5667,143.2,16.11,82,90,4.05,RU,2022-04-16 00:39:43
98,Tuktoyaktuk,69.4541,-133.0374,-5.8,71,20,4.61,CA,2022-04-16 00:39:43
99,Carballo,43.213,-8.691,54.86,87,0,2.75,ES,2022-04-16 00:39:44
100,Kirakira,-10.4544,161.9205,84.9,69,62,6.06,SB,2022-04-16 00:39:44
101,Constitucion,-35.3333,-72.4167,50.72,91,0,8.01,CL,2022-04-16 00:38:42
102,Poum,-20.2333,164.0167,77.99,71,13,11.52,NC,2022-04-16 00:39:45
103,Barrow,71.2906,-156.7887,6.82,72,0,28.77,US,2022-04-16 00:39:45
104,Vila Velha,-20.3297,-40.2925,75.15,73,40,8.05,BR,2022-04-16 00:37:36
105,Ko Samui,9.5357,99.9357,82.31,89,20,0.0,TH,2022-04-16 00:39:16
106,Ducheng,23.2373,111.5317,70.32,81,97,4.12,CN,2022-04-16 00:39:46
107,Laguna,38.421,-121.4238,71.92,37,0,11.5,US,2022-04-16 00:39:46
108,Mar Del Plata,-38.0023,-57.5575,60.1,86,0,18.01,AR,2022-04-16 00:39:47
109,Perelyub,51.8667,50.3667,38.66,79,20,3.85,RU,2022-04-16 00:39:47
110,Port Lincoln,-34.7333,135.8667,71.8,63,3,8.77,AU,2022-04-16 00:36:07
111,Faanui,-16.4833,-151.75,82.4,69,0,16.08,PF,2022-04-16 00:39:48
112,Hamilton,39.1834,-84.5333,66.15,31,40,10.36,US,2022-04-16 00:35:31
113,Lagoa,39.05,-27.9833,58.89,71,100,11.92,PT,2022-04-16 00:39:49
114,Isangel,-19.55,169.2667,87.91,74,40,4.61,VU,2022-04-16 00:37:47
115,Chapais,49.7834,-74.8492,31.78,99,100,0.85,CA,2022-04-16 00:39:49
116,College,64.8569,-147.8028,36.28,35,75,19.57,US,2022-04-16 00:39:49
117,Zhigansk,66.7697,123.3711,8.47,88,74,11.79,RU,2022-04-16 00:39:50
118,Udimskiy,61.1417,45.9144,23.9,90,91,8.16,RU,2022-04-16 00:39:50
119,Faya,18.3851,42.4509,68.11,45,17,4.29,SA,2022-04-16 00:38:29
120,Mount Isa,-20.7333,139.5,85.77,30,0,11.5,AU,2022-04-16 00:39:51
121,Saint-Philippe,-21.3585,55.7679,72.21,85,48,14.99,RE,2022-04-16 00:38:34
122,Kijang,35.2442,129.2139,55.13,47,100,10.27,KR,2022-04-16 00:39:51
123,Ancud,-41.8697,-73.8203,55.22,91,28,4.09,CL,2022-04-16 00:39:52
124,Cayenne,4.9333,-52.3333,80.1,1,75,3.0,GF,2022-04-16 00:39:52
125,Nioro,13.35,-15.75,78.48,38,17,7.81,GM,2022-04-16 00:39:52
126,Saint George,37.1041,-113.5841,76.42,16,0,9.22,US,2022-04-16 00:39:46
127,Zharkent,44.1628,80.0,58.14,22,0,5.48,KZ,2022-04-16 00:39:53
128,Los Llanos De Aridane,28.6585,-17.9182,60.55,94,0,13.8,ES,2022-04-16 00:39:53
129,Guapi,2.5708,-77.8854,76.1,95,100,3.04,CO,2022-04-16 00:39:54
130,Djambala,-2.5447,14.7533,65.93,94,96,1.99,CG,2022-04-16 00:39:54
131,Juneau,58.3019,-134.4197,46.4,25,20,6.91,US,2022-04-16 00:39:54
132,Bengkulu,-3.8004,102.2655,78.44,84,100,3.04,ID,2022-04-16 00:39:55
133,Dedovichi,57.5517,29.9502,33.62,96,100,9.91,RU,2022-04-16 00:39:55
134,Salalah,17.0151,54.0924,78.89,83,20,2.3,OM,2022-04-16 00:39:55
135,Ponta Do Sol,32.6667,-17.1,64.71,61,98,4.18,PT,2022-04-16 00:39:56
136,Yulara,-25.2406,130.9889,84.04,24,22,8.05,AU,2022-04-16 00:40:56
137,Slonim,53.0867,25.3219,37.65,96,100,13.69,BY,2022-04-16 00:40:56
138,Wau,7.7029,27.9953,76.59,68,100,8.88,SS,2022-04-16 00:40:57
139,North Bend,43.4065,-124.2243,52.16,80,0,12.66,US,2022-04-16 00:40:57
140,Norman Wells,65.282,-126.8329,14.04,48,40,12.66,CA,2022-04-16 00:38:25
141,Sainte-Anne-Des-Monts,49.124,-66.4924,37.27,100,37,2.3,CA,2022-04-16 00:40:38
142,Inta,66.0317,60.1659,18.19,94,100,8.28,RU,2022-04-16 00:40:58
143,Weligama,5.9667,80.4167,79.14,83,35,1.21,LK,2022-04-16 00:40:58
144,Klaksvik,62.2266,-6.589,47.32,98,100,14.52,FO,2022-04-16 00:39:54
145,Avarua,-21.2078,-159.775,84.25,70,27,6.91,CK,2022-04-16 00:40:59
146,Adrar,20.5022,-10.0711,79.14,14,2,8.46,MR,2022-04-16 00:40:59
147,Lima,-12.0432,-77.0282,64.65,82,0,12.66,PE,2022-04-16 00:36:35
148,Victoria,22.2855,114.1577,73.18,77,95,23.0,HK,2022-04-16 00:41:00
149,Nalut,30.3333,10.85,58.66,66,0,11.18,LY,2022-04-16 00:41:00
150,Sahbuz,39.4072,45.5739,46.0,65,100,6.26,AZ,2022-04-16 00:41:00
151,Tjome,59.1109,10.3933,41.34,65,84,5.75,NO,2022-04-16 00:41:01
152,Japura,-0.3167,102.35,75.22,94,100,2.84,ID,2022-04-16 00:41:01
153,Kruisfontein,-34.0033,24.7314,52.88,75,85,3.67,ZA,2022-04-16 00:41:02
154,Butaritari,3.0707,172.7902,81.77,73,34,11.18,KI,2022-04-16 00:41:02
155,Chifeng,42.2683,118.9636,54.03,15,0,15.97,CN,2022-04-16 00:40:02
156,Teya,60.3778,92.6267,36.01,99,100,3.06,RU,2022-04-16 00:41:03
157,Sitka,57.0531,-135.33,46.29,57,0,17.27,US,2022-04-16 00:41:03
158,Oussouye,12.485,-16.5469,71.78,78,7,8.88,SN,2022-04-16 00:37:22
159,Lanzhou,36.0564,103.7922,46.06,61,100,2.15,CN,2022-04-16 00:41:04
160,Kashi,39.4547,75.9797,60.01,25,0,6.71,CN,2022-04-16 00:41:04
161,Bac Lieu,9.285,105.7244,83.86,74,83,7.76,VN,2022-04-16 00:41:05
162,Zushi,35.2917,139.5856,53.83,72,100,8.01,JP,2022-04-16 00:41:05
163,Yerbogachen,61.2767,108.0108,26.64,77,100,4.45,RU,2022-04-16 00:41:06
164,Walvis Bay,-22.9575,14.5053,57.09,82,0,5.75,NA,2022-04-16 00:41:06
165,Saskylakh,71.9167,114.0833,-2.0,95,67,7.47,RU,2022-04-16 00:41:06
166,Bonavista,48.6499,-53.1147,33.55,83,49,13.85,CA,2022-04-16 00:41:07
167,Clyde River,70.4692,-68.5914,-14.57,76,0,11.5,CA,2022-04-16 00:41:08
168,Praia,14.9215,-23.5087,69.06,82,5,11.23,CV,2022-04-16 00:41:08
169,Lorengau,-2.0226,147.2712,84.94,70,48,6.08,PG,2022-04-16 00:41:09
170,Svetlogorsk,52.6333,29.7333,42.39,92,100,13.47,BY,2022-04-16 00:41:09
171,Anadyr,64.75,177.4833,34.3,80,75,24.61,RU,2022-04-16 00:41:10
172,Indaial,-26.8978,-49.2317,60.6,92,7,0.45,BR,2022-04-16 00:41:10
173,Solnechnyy,50.7214,136.6319,36.14,79,100,5.48,RU,2022-04-16 00:41:10
174,Iquique,-20.2208,-70.1431,63.27,75,59,4.54,CL,2022-04-16 00:41:11
175,Esperance,-33.8667,121.9,64.24,65,88,12.53,AU,2022-04-16 00:41:11
176,Tezu,27.9167,96.1667,67.77,87,99,6.67,IN,2022-04-16 00:41:12
177,Chokurdakh,70.6333,147.9167,11.12,88,100,6.04,RU,2022-04-16 00:41:12
178,Leningradskiy,69.3833,178.4167,13.14,87,100,9.98,RU,2022-04-16 00:39:24
179,Wad Madani,14.4012,33.5199,89.44,14,74,3.06,SD,2022-04-16 00:41:13
180,Livenka,50.4491,38.2959,47.97,81,100,9.17,RU,2022-04-16 00:41:13
181,Noumea,-22.2763,166.4572,82.38,99,0,12.75,NC,2022-04-16 00:41:14
182,Luderitz,-26.6481,15.1594,57.85,67,0,13.58,NA,2022-04-16 00:42:14
183,Houston,29.7633,-95.3633,81.3,77,40,18.41,US,2022-04-16 00:41:01
184,Along,28.1667,94.7667,66.22,96,100,1.14,IN,2022-04-16 00:42:15
185,Mount Gambier,-37.8333,140.7667,60.71,100,100,4.61,AU,2022-04-16 00:42:15
186,Kurchum,48.5722,83.6542,43.32,35,0,3.83,KZ,2022-04-16 00:42:16
187,Acapulco,16.8634,-99.8901,84.02,58,0,6.91,MX,2022-04-16 00:37:40
188,Naze,28.3667,129.4833,65.32,61,30,20.69,JP,2022-04-16 00:42:16
189,San Policarpo,12.1791,125.5072,82.94,70,99,4.94,PH,2022-04-16 00:42:17
190,Ardatov,55.2421,43.097,35.92,73,100,6.46,RU,2022-04-16 00:42:17
191,Nargana,9.4428,-78.5906,80.46,86,87,12.82,PA,2022-04-16 00:42:18
192,Lavrentiya,65.5833,-171.0,29.3,95,100,14.54,RU,2022-04-16 00:42:18
193,Namatanai,-3.6667,152.4333,85.21,67,26,4.38,PG,2022-04-16 00:42:19
194,Utrera,37.1852,-5.7809,64.17,74,20,2.71,ES,2022-04-16 00:42:19
195,Corrales,35.2378,-106.6067,78.01,8,0,17.27,US,2022-04-16 00:42:11
196,Guymon,36.6828,-101.4816,75.2,17,0,19.57,US,2022-04-16 00:42:20
197,Redwater,33.3582,-94.2544,73.69,84,100,5.48,US,2022-04-16 00:42:21
198,Yumen,40.2833,97.2,38.7,27,0,24.36,CN,2022-04-16 00:42:21
199,Vardo,70.3705,31.1107,36.25,91,100,24.61,NO,2022-04-16 00:42:22
200,Bloomingdale,27.8936,-82.2404,79.12,76,0,4.61,US,2022-04-16 00:42:22
201,Morgan City,29.6994,-91.2068,77.0,88,100,12.66,US,2022-04-16 00:42:23
202,Thompson,55.7435,-97.8558,23.16,39,75,13.8,CA,2022-04-16 00:42:23
203,Havelock,34.8791,-76.9013,64.38,55,0,4.61,US,2022-04-16 00:42:24
204,Lakes Entrance,-37.8811,147.981,68.29,56,8,1.3,AU,2022-04-16 00:42:25
205,Sabla,12.7525,4.7077,82.2,56,100,11.54,NG,2022-04-16 00:42:25
206,Cabo San Lucas,22.8909,-109.9124,81.7,49,100,8.99,MX,2022-04-16 00:39:23
207,Natal,-5.795,-35.2094,82.62,89,20,8.05,BR,2022-04-16 00:40:03
208,Erenhot,43.6475,111.9767,44.58,22,8,5.61,CN,2022-04-16 00:42:26
209,Dukat,62.55,155.55,15.64,86,100,5.93,RU,2022-04-16 00:42:27
210,Meadow Lake,34.8014,-106.5436,76.44,3,100,16.2,US,2022-04-16 00:42:27
211,Grand Gaube,-20.0064,57.6608,76.37,84,54,8.01,MU,2022-04-16 00:42:27
212,Gizo,-8.103,156.8419,83.35,74,100,6.08,SB,2022-04-16 00:42:28
213,Darhan,49.4867,105.9228,41.29,45,100,2.51,MN,2022-04-16 00:42:28
214,Mercedes,-34.6515,-59.4307,55.78,75,0,7.72,AR,2022-04-16 00:42:29
215,Sur,22.5667,59.5289,87.37,39,90,6.85,OM,2022-04-16 00:42:29
216,Richards Bay,-28.783,32.0377,67.35,87,99,14.67,ZA,2022-04-16 00:42:30
217,Maningrida,-12.0667,134.2667,82.98,72,90,12.12,AU,2022-04-16 00:42:30
218,Tautira,-17.7333,-149.15,80.53,75,10,14.58,PF,2022-04-16 00:42:31
219,Sao Joao Da Barra,-21.6403,-41.0511,72.23,63,99,15.97,BR,2022-04-16 00:42:31
220,Derzhavinsk,51.1,66.3167,51.75,69,100,8.46,KZ,2022-04-16 00:42:32
221,Orlik,52.5178,99.825,25.11,68,92,2.3,RU,2022-04-16 00:42:32
222,Sayyan,15.1718,44.3244,57.76,45,2,3.4,YE,2022-04-16 00:42:32
223,Bonthe,7.5264,-12.505,77.49,86,29,3.13,SL,2022-04-16 00:38:42
224,Cidreira,-30.1811,-50.2056,64.29,67,100,6.17,BR,2022-04-16 00:42:33
225,Asau,46.4333,26.4,52.95,75,91,2.64,RO,2022-04-16 00:43:34
226,Nogliki,51.8333,143.1667,33.44,79,100,8.61,RU,2022-04-16 00:43:34
227,Omsukchan,62.5333,155.8,16.81,87,100,6.31,RU,2022-04-16 00:43:35
228,Cooma,-36.2333,149.1333,60.57,72,25,6.91,AU,2022-04-16 00:43:36
229,Hambantota,6.1241,81.1185,77.34,100,20,0.0,LK,2022-04-16 00:42:32
230,Dwarahat,29.7833,79.4333,57.76,38,0,4.83,IN,2022-04-16 00:39:20
231,Vicuna,-30.0319,-70.7081,62.74,65,0,0.69,CL,2022-04-16 00:43:37
232,Latung,5.5,120.8833,81.88,75,100,4.36,PH,2022-04-16 00:43:37
233,Katsuura,35.1333,140.3,52.25,80,100,23.11,JP,2022-04-16 00:43:37
234,Hualmay,-11.0964,-77.6139,66.61,85,14,12.21,PE,2022-04-16 00:43:38
235,Santa Isabel Do Rio Negro,-0.4139,-65.0192,72.73,99,100,3.33,BR,2022-04-16 00:43:38
236,Byron Bay,-28.65,153.6167,71.94,76,76,9.95,AU,2022-04-16 00:40:35
237,Bhimunipatnam,17.8833,83.4333,81.91,79,80,10.94,IN,2022-04-16 00:43:39
238,La Asuncion,11.0333,-63.8628,80.33,83,100,19.57,VE,2022-04-16 00:43:40
239,Mtwara,-10.2667,40.1833,76.1,93,91,8.23,TZ,2022-04-16 00:43:40
240,Tuatapere,-46.1333,167.6833,55.08,58,67,17.96,NZ,2022-04-16 00:43:40
241,San Cristobal,7.7669,-72.225,75.38,85,100,2.75,VE,2022-04-16 00:43:41
242,Warmbad,-28.45,18.7333,60.67,47,0,18.07,NA,2022-04-16 00:43:41
243,Sisimiut,66.9395,-53.6735,12.06,73,38,10.02,GL,2022-04-16 00:43:42
244,Talnakh,69.4865,88.3972,23.31,94,100,10.58,RU,2022-04-16 00:43:42
245,Hudson Bay,52.85,-102.3842,23.16,80,100,5.59,CA,2022-04-16 00:43:42
246,Flinders,-34.5833,150.8552,77.05,81,56,5.99,AU,2022-04-16 00:40:29
247,New Norfolk,-42.7826,147.0587,59.67,59,100,1.01,AU,2022-04-16 00:43:43
248,Del Rio,29.3627,-100.8968,87.91,48,0,12.66,US,2022-04-16 00:42:29
249,Sheltozero,61.3667,35.3667,24.67,93,11,6.26,RU,2022-04-16 00:43:43
250,Adre,13.4667,22.2,78.76,10,83,6.53,TD,2022-04-16 00:43:44
251,Kolo,52.2002,18.6387,38.3,88,100,16.46,PL,2022-04-16 00:43:44
252,Gamba,-2.65,10.0,76.48,89,96,2.64,GA,2022-04-16 00:43:45
253,Khasan,42.4308,130.6434,51.35,41,4,6.64,RU,2022-04-16 00:43:45
254,Uaua,-9.8414,-39.4817,78.26,63,9,3.98,BR,2022-04-16 00:43:45
255,Karratha,-20.7377,116.8463,89.73,48,25,7.7,AU,2022-04-16 00:43:46
256,Kaitangata,-46.2817,169.8464,57.27,50,4,20.22,NZ,2022-04-16 00:41:08
257,Alappuzha,9.49,76.3264,81.99,78,43,1.54,IN,2022-04-16 00:43:46
258,Haines Junction,60.7522,-137.5108,37.35,38,100,11.5,CA,2022-04-16 00:43:47
259,Ilulissat,69.2167,-51.1,-7.89,93,17,7.23,GL,2022-04-16 00:43:47
260,Vao,-22.6667,167.4833,75.54,80,90,4.5,NC,2022-04-16 00:43:47
261,Morondava,-20.2833,44.2833,78.58,71,9,6.35,MG,2022-04-16 00:39:45
262,Boa Vista,2.8197,-60.6733,76.98,88,75,3.44,BR,2022-04-16 00:43:48
263,Manokwari,-0.8667,134.0833,83.91,67,75,3.47,ID,2022-04-16 00:43:48
264,Ploemeur,47.7333,-3.4333,55.81,85,0,6.91,FR,2022-04-16 00:43:49
265,Divnomorskoye,44.5011,38.1353,43.88,92,6,2.95,RU,2022-04-16 00:43:49
266,Moses Lake,47.1301,-119.2781,48.56,31,20,5.75,US,2022-04-16 00:43:50
267,Baruun-Urt,46.6806,113.2792,44.37,30,63,11.92,MN,2022-04-16 00:43:50
268,Zhangzhou,24.5133,117.6556,66.13,38,53,8.16,CN,2022-04-16 00:43:50
269,Valparai,10.3667,76.9667,64.42,93,49,2.93,IN,2022-04-16 00:43:51
270,Mumbwa,-14.9783,27.0619,64.22,94,95,4.7,ZM,2022-04-16 00:44:51
271,Sibolga,1.7427,98.7792,80.1,81,100,1.63,ID,2022-04-16 00:44:52
272,Katubao,5.8892,124.8294,82.38,69,100,2.84,PH,2022-04-16 00:44:52
273,Atasu,48.6814,71.6433,49.6,30,17,5.55,KZ,2022-04-16 00:44:52
274,Praya,14.9215,-23.5087,69.06,82,5,11.23,CV,2022-04-16 00:44:53
275,Ribeira Grande,38.5167,-28.7,61.2,77,40,8.05,PT,2022-04-16 00:44:45
276,Sakakah,29.9697,40.2064,67.57,22,72,6.69,SA,2022-04-16 00:44:54
277,Olafsvik,64.8945,-23.7142,45.64,84,100,30.74,IS,2022-04-16 00:43:07
278,Rio Gallegos,-51.6226,-69.2181,46.45,71,0,17.27,AR,2022-04-16 00:44:54
279,Castro,-24.7911,-50.0119,50.2,62,0,3.87,BR,2022-04-16 00:44:55
280,Ilmajoki,62.7333,22.5667,27.21,66,0,4.61,FI,2022-04-16 00:44:55
281,Zaraza,9.3503,-65.3245,80.87,62,100,9.01,VE,2022-04-16 00:44:55
282,Keti Bandar,24.1447,67.4497,78.89,85,0,12.1,PK,2022-04-16 00:44:56
283,Vanimo,-2.6741,141.3028,85.46,67,41,5.37,PG,2022-04-16 00:44:56
284,Huilong,31.8111,121.655,58.93,52,95,10.98,CN,2022-04-16 00:44:57
285,Muros,42.7762,-9.0603,50.85,91,3,1.79,ES,2022-04-16 00:44:57
286,Okhotsk,59.3833,143.3,23.54,77,35,5.48,RU,2022-04-16 00:44:57
287,Fortuna,40.5982,-124.1573,47.08,78,100,2.42,US,2022-04-16 00:44:58
288,Lemon Tree Passage,-32.7327,152.036,75.11,64,100,2.59,AU,2022-04-16 00:44:58
289,Panyutyne,48.9333,36.2833,47.01,85,58,11.36,UA,2022-04-16 00:44:58
290,Nanortalik,60.1432,-45.2371,26.38,79,98,12.86,GL,2022-04-16 00:39:59
291,Airai,-8.9266,125.4092,72.07,65,88,1.25,TL,2022-04-16 00:44:37
292,Birao,10.2849,22.7882,81.68,33,100,8.84,CF,2022-04-16 00:44:59
293,Kushiro,42.975,144.3747,40.15,65,75,10.36,JP,2022-04-16 00:45:00
294,Sawtell,-30.3833,153.1,71.62,68,100,10.36,AU,2022-04-16 00:45:00
295,Gwanda,-20.9333,29.0,67.64,75,57,3.98,ZW,2022-04-16 00:45:00
296,Itarema,-2.9248,-39.9167,77.97,84,64,4.72,BR,2022-04-16 00:45:01
297,Tshikapa,-6.4167,20.8,70.79,97,100,1.03,CD,2022-04-16 00:45:01
298,Itoman,26.1247,127.6694,73.42,56,40,19.57,JP,2022-04-16 00:45:01
299,Bandarbeyla,9.4942,50.8122,82.74,70,100,5.91,SO,2022-04-16 00:45:02
300,Cahors,44.4167,1.3333,50.79,88,0,3.11,FR,2022-04-16 00:45:02
301,San Luis,-33.295,-66.3356,57.31,48,44,7.18,AR,2022-04-16 00:42:52
302,Port Hedland,-20.3167,118.5667,91.45,29,11,11.5,AU,2022-04-16 00:45:03
303,Vostok,46.4856,135.8833,44.49,45,97,8.93,RU,2022-04-16 00:45:04
304,Atbasar,51.8,68.3333,51.73,54,100,8.01,KZ,2022-04-16 00:41:16
305,Quatre Cocos,-20.2078,57.7625,76.08,81,86,21.43,MU,2022-04-16 00:45:04
306,Umm Lajj,25.0213,37.2685,74.5,63,0,6.55,SA,2022-04-16 00:45:05
307,Bethel,41.3712,-73.414,59.09,40,0,13.8,US,2022-04-16 00:45:05
308,Aykhal,66.0,111.5,11.16,90,100,8.48,RU,2022-04-16 00:44:58
309,Alexandria,31.2156,29.9553,58.96,82,0,6.91,EG,2022-04-16 00:45:06
310,Monze,-16.2833,27.4833,66.43,83,100,4.21,ZM,2022-04-16 00:45:07
311,Boende,-0.2167,20.8667,70.74,95,100,1.52,CD,2022-04-16 00:45:07
312,Soe,-9.8607,124.284,76.15,68,67,3.18,ID,2022-04-16 00:45:08
313,Bambous Virieux,-20.3428,57.7575,76.21,94,40,14.97,MU,2022-04-16 00:44:41
314,Concepcion Del Oro,24.6333,-101.4167,71.62,7,100,5.41,MX,2022-04-16 00:45:09
315,Gravelbourg,49.8834,-106.5512,21.47,91,100,4.88,CA,2022-04-16 00:45:09
316,Severobaykalsk,55.65,109.3167,33.28,85,67,0.85,RU,2022-04-16 00:45:10
317,Valley,45.1277,-116.1262,27.21,46,99,5.35,US,2022-04-16 00:45:10
318,Takhli,15.2634,100.3438,85.75,56,8,9.73,TH,2022-04-16 00:46:10
319,Mantua,45.1667,10.7833,58.24,72,9,1.01,IT,2022-04-16 00:46:11
320,Port Elizabeth,-33.918,25.5701,58.32,78,0,4.61,ZA,2022-04-16 00:46:11
321,Mocuba,-16.8392,36.9856,70.88,98,12,2.21,MZ,2022-04-16 00:46:12
322,Kahului,20.8947,-156.47,82.42,69,40,25.32,US,2022-04-16 00:46:13
323,La Sarre,48.8002,-79.1996,30.24,75,100,9.44,CA,2022-04-16 00:46:13
324,Ankazobe,-18.3167,47.1167,64.44,81,93,10.96,MG,2022-04-16 00:46:14
325,Olden,61.8364,6.8064,43.54,89,43,7.52,NO,2022-04-16 00:46:15
326,Rundu,-17.9333,19.7667,64.04,82,100,2.95,NA,2022-04-16 00:46:15
327,Umm Kaddadah,13.6017,26.6876,78.76,8,84,13.38,SD,2022-04-16 00:46:16
328,Manohar Thana,24.24,76.8018,81.48,27,0,6.26,IN,2022-04-16 00:46:16
329,Aden,12.7794,45.0367,81.54,75,17,12.08,YE,2022-04-16 00:43:30
330,Neepawa,50.2289,-99.4664,27.0,81,100,12.97,CA,2022-04-16 00:46:17
331,Mnogovershinnyy,53.9353,139.9242,31.82,87,100,3.2,RU,2022-04-16 00:43:09
332,Dingle,10.9995,122.6711,82.99,72,15,3.89,PH,2022-04-16 00:41:56
333,Irun,43.339,-1.7894,54.66,89,0,5.3,ES,2022-04-16 00:46:18
334,Tlacotalpan,18.6167,-95.6667,80.2,82,30,11.52,MX,2022-04-16 00:46:18
335,Neiafu,-18.65,-173.9833,86.68,74,75,8.05,TO,2022-04-16 00:46:19
336,Komsomolskoye,55.2567,47.5461,30.72,89,88,4.12,RU,2022-04-16 00:46:19
337,Nishihara,26.1842,127.7558,72.68,56,40,19.57,JP,2022-04-16 00:46:19
338,Boguchany,58.3814,97.4531,40.03,88,100,3.22,RU,2022-04-16 00:46:20
339,Changji,44.0167,87.3167,41.79,22,0,2.24,CN,2022-04-16 00:46:20
340,Durres,41.3231,19.4414,51.98,80,88,1.97,AL,2022-04-16 00:46:21
341,Banda Aceh,5.5577,95.3222,81.95,75,59,2.08,ID,2022-04-16 00:46:21
342,Tasiilaq,65.6145,-37.6368,35.76,98,100,12.17,GL,2022-04-16 00:46:22
343,Ucluelet,48.9329,-125.5528,48.09,76,10,1.01,CA,2022-04-16 00:46:22
344,Fenton,42.7978,-83.7049,44.83,83,100,3.0,US,2022-04-16 00:46:23
345,Puerto Penasco,31.3167,-113.5333,72.91,65,51,8.28,MX,2022-04-16 00:45:04
346,Kavieng,-2.5744,150.7967,84.24,72,16,9.35,PG,2022-04-16 00:46:23
347,Sao Filipe,14.8961,-24.4956,70.75,77,5,7.0,CV,2022-04-16 00:46:24
348,Armizonskoye,55.9461,67.6736,51.57,79,100,10.29,RU,2022-04-16 00:46:24
349,Srednekolymsk,67.45,153.6833,17.24,78,100,3.89,RU,2022-04-16 00:46:04
350,Humaita,-7.5061,-63.0208,74.35,98,99,1.34,BR,2022-04-16 00:46:25
351,Kiunga,-6.1219,141.2906,85.78,65,100,2.53,PG,2022-04-16 00:44:21
352,Ust-Maya,60.4167,134.5333,28.08,83,100,4.34,RU,2022-04-16 00:46:26
353,Andenes,69.3143,16.1194,35.58,80,100,11.5,NO,2022-04-16 00:46:26
354,Senno,59.5336,33.9167,32.27,88,100,9.33,RU,2022-04-16 00:46:27
355,Kundiawa,-6.0167,144.9667,78.87,52,100,2.77,PG,2022-04-16 00:46:27
356,Vangaindrano,-23.35,47.6,74.32,90,82,4.5,MG,2022-04-16 00:46:27
357,Husavik,66.0449,-17.3389,39.96,74,100,12.73,IS,2022-04-16 00:46:28
358,Luang Prabang,19.8856,102.1347,75.16,94,40,0.0,LA,2022-04-16 00:46:28
359,Harlingen,26.1906,-97.6961,80.51,84,0,17.27,US,2022-04-16 00:44:02
360,Casa Nova,-9.4167,-41.1333,82.38,59,78,3.6,BR,2022-04-16 00:46:29
361,Hammerfest,70.6634,23.6821,36.05,75,100,8.05,NO,2022-04-16 00:46:29
362,Kankon,15.0167,74.0167,82.2,82,52,3.09,IN,2022-04-16 00:47:30
363,Bafq,31.6128,55.4107,70.36,31,36,3.47,IR,2022-04-16 00:47:30
364,Cocula,20.3652,-103.8222,81.59,16,100,4.88,MX,2022-04-16 00:47:31
365,Puqi,29.7167,113.8833,51.76,92,100,6.53,CN,2022-04-16 00:47:31
366,Atar,20.5169,-13.0499,75.85,17,0,1.81,MR,2022-04-16 00:47:32
367,Voh,-20.9667,164.7,80.26,69,45,8.95,NC,2022-04-16 00:46:31
368,Itaituba,-4.2761,-55.9836,74.23,99,100,0.56,BR,2022-04-16 00:47:33
369,Labuhan,-6.8844,112.2051,81.99,76,78,4.94,ID,2022-04-16 00:47:33
370,Ishigaki,24.3448,124.1572,69.93,78,75,10.36,JP,2022-04-16 00:47:34
371,Kiruna,67.8557,20.2251,16.72,86,40,6.91,SE,2022-04-16 00:47:34
372,Tsiroanomandidy,-18.7667,46.0333,64.11,88,0,2.24,MG,2022-04-16 00:47:34
373,Sept-Iles,50.2001,-66.3821,36.12,96,100,5.75,CA,2022-04-16 00:47:35
374,Peterborough,52.5736,-0.2478,50.88,87,98,5.75,GB,2022-04-16 00:47:35
375,La Ronge,55.1001,-105.2842,30.45,24,75,4.61,CA,2022-04-16 00:47:36
376,Sisophon,13.5859,102.9737,86.31,60,100,3.71,KH,2022-04-16 00:47:36
377,Maua,-23.6678,-46.4614,63.09,84,1,4.23,BR,2022-04-16 00:47:37
378,Nara,34.6851,135.8049,57.49,40,33,15.3,JP,2022-04-16 00:47:40
379,Waipawa,-41.4122,175.5153,63.12,61,0,18.72,NZ,2022-04-16 00:47:41
380,Makuyuni,-4.7333,38.1,70.54,98,99,3.18,TZ,2022-04-16 00:47:41
381,Ler,8.3018,30.1418,77.0,73,93,6.91,SS,2022-04-16 00:47:42
382,Arlit,18.7369,7.3853,80.58,11,27,11.54,NE,2022-04-16 00:47:42
383,Palana,59.1167,159.9667,24.49,78,100,12.95,RU,2022-04-16 00:47:43
384,Minab,27.1467,57.0801,81.9,44,12,4.65,IR,2022-04-16 00:47:43
385,Zhanaozen,43.3,52.8,49.78,55,4,10.76,KZ,2022-04-16 00:46:26
386,Gua Musang,4.8823,101.9644,76.86,94,94,0.76,MY,2022-04-16 00:47:44
387,Iqaluit,63.7506,-68.5145,2.93,78,20,12.66,CA,2022-04-16 00:47:44
388,Energetik,51.7445,58.7934,44.8,80,100,13.13,RU,2022-04-16 00:47:44
389,Berlevag,70.8578,29.0864,37.2,98,100,21.7,NO,2022-04-16 00:47:45
390,Tura,25.5198,90.2201,75.38,92,98,9.93,IN,2022-04-16 00:46:26
391,Kalvarija,54.4,23.2333,32.63,89,23,14.18,LT,2022-04-16 00:47:45
392,Ukhta,63.5671,53.6835,23.22,87,100,11.14,RU,2022-04-16 00:47:45
393,Komsomolskiy,40.4272,71.7189,59.72,51,3,9.22,UZ,2022-04-16 00:47:46
394,Pisco,-13.7,-76.2167,66.02,82,0,21.85,PE,2022-04-16 00:46:06
395,Bulgan,48.8125,103.5347,37.92,50,10,3.83,MN,2022-04-16 00:47:47
396,Bacolod,10.6667,122.95,83.55,70,51,3.13,PH,2022-04-16 00:43:23
397,Khash,28.2211,61.2158,69.93,26,95,3.24,IR,2022-04-16 00:47:47
398,Nouadhibou,20.931,-17.0347,62.58,94,0,11.5,MR,2022-04-16 00:47:48
399,Coihaique,-45.5752,-72.0662,52.41,76,40,3.44,CL,2022-04-16 00:47:48
400,Sikonge,-5.6333,32.7667,64.22,82,97,2.71,TZ,2022-04-16 00:47:48
401,Port Hawkesbury,45.6169,-61.3485,41.18,99,100,9.22,CA,2022-04-16 00:47:49
402,Marquette,46.5333,-87.6335,26.82,55,75,10.94,US,2022-04-16 00:47:49
403,Kirkland Lake,48.1446,-80.0377,28.69,80,97,6.96,CA,2022-04-16 00:45:16
404,Aklavik,68.2191,-135.0107,8.31,74,100,5.79,CA,2022-04-16 00:47:50
405,Waingapu,-9.6567,120.2641,84.85,73,33,6.26,ID,2022-04-16 00:47:50
406,Micheweni,-4.9667,39.8333,78.89,86,100,7.85,TZ,2022-04-16 00:47:51
407,Maceio,-9.6658,-35.7353,78.24,83,20,6.91,BR,2022-04-16 00:44:21
408,Geraldton,-28.7667,114.6,66.61,94,0,9.22,AU,2022-04-16 00:47:51
409,Markivka,49.5229,39.5705,46.65,82,34,6.98,UA,2022-04-16 00:48:52
410,Konstantinovka,49.6167,127.9833,41.41,39,0,17.29,RU,2022-04-16 00:48:52
411,Beloha,-25.1667,45.05,75.61,72,73,3.15,MG,2022-04-16 00:48:53
412,Shelburne,44.0787,-80.2041,39.99,53,94,20.13,CA,2022-04-16 00:46:34
413,Te Anau,-45.4167,167.7167,55.31,51,14,7.67,NZ,2022-04-16 00:48:54
414,Bongaree,-27.0797,153.1586,75.22,67,37,12.41,AU,2022-04-16 00:48:54
415,Sosnovo-Ozerskoye,52.5249,111.5418,37.13,67,100,12.82,RU,2022-04-16 00:48:55
416,Kieta,-6.2167,155.6333,83.28,75,100,3.09,PG,2022-04-16 00:48:55
417,Verkhoyansk,67.5447,133.385,11.46,84,98,3.18,RU,2022-04-16 00:48:55
418,Svetlaya,46.5389,138.3297,40.98,66,72,8.48,RU,2022-04-16 00:48:56
419,Buluang,13.3068,123.3425,82.63,75,9,0.69,PH,2022-04-16 00:48:56
420,Nantucket,41.2835,-70.0995,53.71,71,0,13.8,US,2022-04-16 00:48:57
421,Puerto Baquerizo Moreno,-0.9,-89.6,75.72,88,21,10.04,EC,2022-04-16 00:46:06
422,Turukhansk,65.8167,87.9833,32.52,100,100,4.7,RU,2022-04-16 00:48:57
423,Nizwa,22.9333,57.5333,79.59,22,100,1.52,OM,2022-04-16 00:48:58
424,Souillac,-20.5167,57.5167,75.58,94,40,14.97,MU,2022-04-16 00:48:59
425,Lincoln,40.8,-96.667,48.16,35,0,14.97,US,2022-04-16 00:47:47
426,Goderich,43.7501,-81.7165,42.91,60,100,11.5,CA,2022-04-16 00:44:37
427,Port Hardy,50.6996,-127.4199,48.38,49,75,10.36,CA,2022-04-16 00:49:00
428,Rio Grande,-32.035,-52.0986,65.35,57,97,9.73,BR,2022-04-16 00:45:35
429,Santa Ana,33.7456,-117.8678,75.72,58,0,14.97,US,2022-04-16 00:49:00
430,Portland,45.5234,-122.6762,55.62,42,20,4.61,US,2022-04-16 00:47:26
431,Mindelo,16.8901,-24.9804,69.08,76,26,12.93,CV,2022-04-16 00:49:01
432,Zeya,53.75,127.2667,34.92,60,100,5.77,RU,2022-04-16 00:49:01
433,Puerto Maldonado,-12.6,-69.1833,70.2,94,0,0.0,PE,2022-04-16 00:49:01
434,Kosonsoy,41.2561,71.5508,57.76,33,19,6.06,UZ,2022-04-16 00:49:02
435,Lucea,18.451,-78.1736,80.46,77,2,6.29,JM,2022-04-16 00:49:03
436,Kununurra,-15.7667,128.7333,87.78,70,85,2.3,AU,2022-04-16 00:45:55
437,Black River,18.0264,-77.8487,78.22,74,1,5.59,JM,2022-04-16 00:49:04
438,Cloquet,46.7216,-92.4594,25.61,65,100,12.66,US,2022-04-16 00:49:04
439,Borogontsy,62.6683,131.1683,26.33,80,47,3.29,RU,2022-04-16 00:49:05
440,Rabo De Peixe,37.8,-25.5833,60.31,88,20,4.61,PT,2022-04-16 00:49:05
441,Velka Bites,49.2884,16.2274,46.38,81,75,12.66,CZ,2022-04-16 00:49:06
442,Ngunguru,-35.6167,174.5,64.99,81,100,4.54,NZ,2022-04-16 00:49:06
443,Broken Hill,-31.95,141.4333,74.91,33,0,10.36,AU,2022-04-16 00:45:45
444,Buta,2.7858,24.73,70.47,99,100,0.65,CD,2022-04-16 00:49:07
445,Springbok,-29.6643,17.8865,55.81,50,1,22.46,ZA,2022-04-16 00:49:07
446,Wamba,8.9333,8.6,76.64,72,100,3.09,NG,2022-04-16 00:49:08
447,Kurilsk,45.2333,147.8833,31.5,83,100,9.26,RU,2022-04-16 00:49:09
448,Namibe,-15.1961,12.1522,70.81,79,14,4.45,AO,2022-04-16 00:45:33
449,Dorgos,46.05,21.8333,45.86,92,98,3.53,RO,2022-04-16 00:49:09
450,Neuchatel,46.9167,6.8333,54.37,75,42,4.61,CH,2022-04-16 00:49:10
451,Alugan,12.2188,125.4808,83.03,69,99,5.1,PH,2022-04-16 00:49:10
452,Elmina,5.0898,-1.348,79.41,86,100,6.91,GH,2022-04-16 00:49:11
453,Dharchula,29.85,80.5333,62.02,29,0,6.58,IN,2022-04-16 00:49:11
454,Nuuk,64.1835,-51.7216,10.36,72,6,9.91,GL,2022-04-16 00:50:12
455,Codrington,-38.2667,141.9667,71.24,55,12,2.21,AU,2022-04-16 00:50:12
456,Kokopo,-4.352,152.2633,84.4,67,62,4.94,PG,2022-04-16 00:48:08
457,Finote Selam,10.7,37.2667,64.85,61,100,1.88,ET,2022-04-16 00:50:13
458,Saint-Joseph,-21.3667,55.6167,71.2,82,24,13.8,RE,2022-04-16 00:50:14
459,Srandakan,-7.9386,110.2506,80.89,80,77,2.13,ID,2022-04-16 00:50:14
460,Dicabisagan,17.0818,122.4157,79.29,79,50,6.29,PH,2022-04-16 00:50:15
461,Broome,42.2506,-75.833,59.38,50,100,9.22,US,2022-04-16 00:50:15
462,Polyarnyy,69.1989,33.4478,31.19,91,100,19.39,RU,2022-04-16 00:50:16
463,Emerald,-23.5333,148.1667,78.94,50,0,8.05,AU,2022-04-16 00:46:18
464,Odesskoye,54.2111,72.9651,53.4,42,100,12.57,RU,2022-04-16 00:50:16
465,Sal Rei,16.1833,-22.9167,68.72,80,10,13.31,CV,2022-04-16 00:50:17
466,Russell,32.3502,-85.1999,74.8,63,0,0.0,US,2022-04-16 00:50:17
467,Muisne,0.6,-80.0333,76.75,87,100,8.5,EC,2022-04-16 00:50:18
468,Awbari,26.5921,12.7805,69.12,24,0,10.58,LY,2022-04-16 00:50:18
469,Xinmin,41.9908,122.8253,58.84,16,0,7.9,CN,2022-04-16 00:50:19
470,Isabela,6.7085,121.9711,86.05,69,78,2.51,PH,2022-04-16 00:50:19
471,Corn Island,12.1694,-83.0418,82.47,69,100,15.57,NI,2022-04-16 00:50:20
472,Bykovo,55.6361,38.0803,43.32,100,75,4.47,RU,2022-04-16 00:50:20
473,Mmabatho,-25.85,25.6333,58.96,82,100,10.36,ZA,2022-04-16 00:50:21
474,Grindavik,63.8424,-22.4338,46.87,93,100,35.68,IS,2022-04-16 00:50:21
475,Marawi,7.9986,124.2928,78.4,69,71,1.97,PH,2022-04-16 00:50:22
476,Sistranda,63.7256,8.834,42.76,86,92,13.02,NO,2022-04-16 00:50:22
477,Plettenberg Bay,-34.0527,23.3716,58.05,72,94,7.27,ZA,2022-04-16 00:50:23
478,Sungaipenuh,-2.0833,101.3833,67.69,88,100,1.5,ID,2022-04-16 00:50:23
479,Moose Factory,51.2585,-80.6094,33.8,93,75,0.0,CA,2022-04-16 00:50:23
480,Syracuse,37.0881,15.2792,60.17,75,82,19.51,IT,2022-04-16 00:50:24
481,Sakaiminato,35.55,133.2333,55.33,54,75,16.11,JP,2022-04-16 00:50:24
482,Shuiji,27.4214,118.345,56.39,85,100,2.86,CN,2022-04-16 00:50:25
483,Smirnykh,49.75,142.8333,39.33,54,78,7.27,RU,2022-04-16 00:50:25
484,Akureyri,65.6835,-18.0878,49.93,53,0,13.8,IS,2022-04-16 00:45:59
485,Coos Bay,43.3665,-124.2179,52.0,80,0,12.66,US,2022-04-16 00:50:25
486,Alofi,-19.0595,-169.9187,78.69,94,20,5.75,NU,2022-04-16 00:47:27
487,Eyl,7.9803,49.8164,79.16,80,15,1.77,SO,2022-04-16 00:50:26
488,Sungai Padi,6.0851,101.8766,83.52,79,100,2.04,TH,2022-04-16 00:50:27
489,Matagami,49.7502,-77.6328,33.91,80,40,0.0,CA,2022-04-16 00:50:27
490,Ballina,-28.8667,153.5667,73.58,77,40,10.36,AU,2022-04-16 00:46:38
491,Ust-Omchug,61.15,149.6333,15.03,71,100,3.91,RU,2022-04-16 00:48:00
492,Baykit,61.67,96.37,36.72,99,100,2.37,RU,2022-04-16 00:50:28
493,Suntar,62.1444,117.6319,22.82,79,100,5.23,RU,2022-04-16 00:50:28
494,Bilibino,68.0546,166.4372,29.88,78,100,3.2,RU,2022-04-16 00:50:28
495,Iranshahr,27.2025,60.6848,79.14,22,0,0.0,IR,2022-04-16 00:50:29
496,Akcakoca,41.0866,31.1162,49.86,77,0,3.4,TR,2022-04-16 00:50:29
497,Glens Falls,43.3095,-73.644,58.17,41,100,6.91,US,2022-04-16 00:50:30
498,Kyra,49.5776,111.9753,42.51,39,100,13.33,RU,2022-04-16 00:50:30
499,Dhidhdhoo,6.8833,73.1,84.33,69,90,8.08,MV,2022-04-16 00:50:30
500,Tiksi,71.6872,128.8694,-0.11,98,99,3.22,RU,2022-04-16 00:50:31
501,Pilar,-9.5972,-35.9567,76.93,86,58,8.05,BR,2022-04-16 00:50:31
502,Santa Maria,-29.6842,-53.8069,56.5,94,40,1.14,BR,2022-04-16 00:48:48
503,Koslan,63.4564,48.8989,22.78,89,100,8.25,RU,2022-04-16 00:51:32
504,Kutum,14.2,24.6667,71.31,10,77,5.61,SD,2022-04-16 00:51:32
505,Tolmin,46.183,13.7332,57.54,83,63,10.0,SI,2022-04-16 00:51:33
506,Caravelas,-17.7125,-39.2481,75.6,78,100,13.96,BR,2022-04-16 00:49:27
507,Buraydah,26.326,43.975,73.85,42,0,9.86,SA,2022-04-16 00:47:24
508,Buchanan,5.8808,-10.0467,79.32,88,64,4.92,LR,2022-04-16 00:51:34
509,Leh,34.1667,77.5833,33.42,59,50,5.23,IN,2022-04-16 00:50:51
510,Nizhniy Kuranakh,58.8353,125.4869,25.83,77,100,5.93,RU,2022-04-16 00:51:35
511,Kenai,60.5544,-151.2583,41.09,68,100,4.61,US,2022-04-16 00:51:36
512,Chantada,42.6088,-7.7712,52.56,94,0,1.16,ES,2022-04-16 00:51:36
513,Atlantic City,39.3643,-74.4229,57.38,57,0,8.05,US,2022-04-16 00:51:36
514,Bareli,28.35,79.4167,79.83,17,0,2.46,IN,2022-04-16 00:51:37
515,Cheney,47.4874,-117.5758,43.32,61,40,9.22,US,2022-04-16 00:51:37
516,Sachse,32.9762,-96.5953,79.9,76,40,12.66,US,2022-04-16 00:48:40
517,Benguela,-12.5763,13.4055,76.06,89,100,3.67,AO,2022-04-16 00:51:38
518,Ouricuri,-7.8825,-40.0817,79.14,59,89,2.39,BR,2022-04-16 00:51:38
519,Ankpa,7.3706,7.6253,73.8,89,93,3.87,NG,2022-04-16 00:51:39
520,Port Blair,11.6667,92.75,77.04,94,20,2.3,IN,2022-04-16 00:51:39
521,Bubaque,11.2833,-15.8333,74.5,73,9,18.37,GW,2022-04-16 00:51:39
522,Lazaro Cardenas,17.9583,-102.2,77.61,67,93,6.42,MX,2022-04-16 00:51:40
523,Corinto,37.9407,22.9573,53.42,68,100,1.01,GR,2022-04-16 00:51:40
524,Iquitos,-3.7481,-73.2472,78.84,89,20,3.44,PE,2022-04-16 00:50:14
525,Opuwo,-18.0607,13.84,67.28,51,16,3.67,NA,2022-04-16 00:51:41
526,Oksfjord,70.2396,22.3479,28.47,82,100,7.78,NO,2022-04-16 00:51:41
527,Namie,37.4833,141.0,46.54,85,100,15.39,JP,2022-04-16 00:51:42
528,Chisec,15.8167,-90.2833,84.43,65,94,4.85,GT,2022-04-16 00:51:42
529,Narsaq,60.9167,-46.05,30.42,76,93,1.19,GL,2022-04-16 00:48:04
530,Coquimbo,-29.9533,-71.3436,57.38,80,2,3.04,CL,2022-04-16 00:51:43
531,Baiyin,36.5583,104.2081,41.27,62,100,2.39,CN,2022-04-16 00:51:43
532,Mayskiy,47.6931,40.1025,44.01,93,89,5.41,RU,2022-04-16 00:51:44
533,Colonia,50.9333,6.95,47.97,85,0,4.61,DE,2022-04-16 00:51:44
534,Damavand,35.7178,52.065,50.34,59,4,3.67,IR,2022-04-16 00:51:45
535,Tigil,57.8,158.6667,29.25,89,100,12.68,RU,2022-04-16 00:51:45
536,Roma,43.2128,-75.4557,53.87,60,100,5.75,US,2022-04-16 00:46:56
537,Aswan,24.0934,32.907,76.3,12,0,6.91,EG,2022-04-16 00:51:46
538,Francistown,-21.17,27.5079,71.92,61,100,4.5,BW,2022-04-16 00:51:46
539,Guerrero Negro,27.9769,-114.0611,62.55,67,100,16.17,MX,2022-04-16 00:51:47
540,Tairua,-37.0167,175.85,68.74,70,99,7.0,NZ,2022-04-16 00:51:47
541,Maniitsoq,65.4167,-52.9,21.0,57,100,7.09,GL,2022-04-16 00:51:48
542,Milledgeville,33.0801,-83.2321,68.14,53,0,0.0,US,2022-04-16 00:51:48
543,Ventspils,57.3894,21.5606,35.53,93,0,5.75,LV,2022-04-16 00:51:48
544,Bolobo,-2.1667,16.2333,71.47,93,78,1.72,CD,2022-04-16 00:51:49
545,Antofagasta,-23.65,-70.4,60.04,84,35,6.26,CL,2022-04-16 00:51:49
546,Dobrusevo,41.1686,21.4825,50.59,79,82,1.83,MK,2022-04-16 00:52:50
547,Kargopol,61.5071,38.9456,20.95,96,9,4.45,RU,2022-04-16 00:52:50
548,Tadine,-21.55,167.8833,79.25,80,60,11.1,NC,2022-04-16 00:52:51
549,Kautokeino,69.0125,23.0412,13.73,94,100,2.71,NO,2022-04-16 00:52:51
550,San Andres,12.5847,-81.7006,82.42,74,20,9.22,CO,2022-04-16 00:52:51
551,Marienburg,54.0359,19.0266,40.12,87,8,12.97,PL,2022-04-16 00:52:52
552,Inirida,3.8653,-67.9239,75.27,93,91,2.89,CO,2022-04-16 00:52:52
553,Roald,62.5833,6.1333,46.76,93,99,8.05,NO,2022-04-16 00:52:53
554,Santona,43.4439,-3.4576,55.33,88,0,3.42,ES,2022-04-16 00:52:53
555,Mangrol,21.1167,70.1167,79.14,72,0,8.46,IN,2022-04-16 00:52:53
556,Valparaiso,-33.0393,-71.6273,58.48,70,0,4.61,CL,2022-04-16 00:52:54
557,Nikolayevka,53.1257,47.2041,36.68,76,39,2.01,RU,2022-04-16 00:52:54
558,Kimbe,-5.5502,150.1429,88.36,61,55,4.09,PG,2022-04-16 00:52:55
559,Alice Springs,-23.7,133.8833,87.35,22,5,13.8,AU,2022-04-16 00:50:24
560,Watertown,42.3709,-71.1828,61.21,29,0,19.57,US,2022-04-16 00:49:37
561,Kattivakkam,13.2167,80.3167,84.29,87,84,11.9,IN,2022-04-16 00:52:56
562,Lichinga,-13.3128,35.2406,60.03,97,24,5.1,MZ,2022-04-16 00:52:57
563,Slave Lake,55.2834,-114.769,35.58,32,20,5.75,CA,2022-04-16 00:52:57
564,Challans,46.8436,-1.8749,53.8,82,0,7.11,FR,2022-04-16 00:52:57
565,Elat,29.5581,34.9482,67.37,36,4,6.76,IL,2022-04-16 00:52:58
566,Cap Malheureux,-19.9842,57.6142,76.46,84,47,5.01,MU,2022-04-16 00:52:58
